author name,orcid link
A. Balagopal V.,https://orcid.org/0000-0001-5367-8876
A. Barbano,https://orcid.org/0000-0002-4836-7093
A. Burgman,https://orcid.org/0000-0003-1276-676X
A. Coleman,https://orcid.org/0000-0003-1510-1712
A. Desai,https://orcid.org/0000-0001-7405-9994
A. Diaz,https://orcid.org/0000-0001-7206-8336
A. Franckowiak,https://orcid.org/0000-0002-5605-2219
A. Ghadimi,https://orcid.org/0000-0002-6350-6485
A. Hallgren,https://orcid.org/0000-0001-7751-4489
A. Haungs,https://orcid.org/0000-0002-9638-7574
A. Kappes,https://orcid.org/0000-0003-1315-3711
A. Karle,https://orcid.org/0000-0001-9889-5161
A. Kheirandish,https://orcid.org/0000-0001-7074-0539
A. Leszczyńska,https://orcid.org/0000-0003-0935-6313
A. Ludwig,https://orcid.org/0000-0001-9038-4375
A. Obertacke Pollmann,https://orcid.org/0000-0002-2492-043X
A. Pizzuto,https://orcid.org/0000-0002-8466-8168
A. Porcelli,https://orcid.org/0000-0002-3220-6295
A. R. Fazely,https://orcid.org/0000-0002-6907-8020
A. Rehman,https://orcid.org/0000-0001-7616-5790
A. Sandrock,https://orcid.org/0000-0002-6779-1172
A. Schneider,https://orcid.org/0000-0002-0895-3477
B. A. Clark,https://orcid.org/0000-0003-4089-2245
B. J. P. Jones,https://orcid.org/0000-0003-3400-8986
B. Riedel,https://orcid.org/0000-0002-9524-8943
B. Smithers,https://orcid.org/0000-0003-1273-985X
C. Argüelles,https://orcid.org/0000-0003-4186-4182
C. Chen,https://orcid.org/0000-0002-8139-4106
C. De Clercq,https://orcid.org/0000-0001-5266-7059
C. F. Tung,https://orcid.org/0000-0001-6920-7841
C. F. Turley,https://orcid.org/0000-0002-9689-8075
C. Finley,https://orcid.org/0000-0003-3350-390X
C. H. Wiebusch,https://orcid.org/0000-0002-6418-3008
C. Hill,https://orcid.org/0000-0003-0647-9174
C. Kopper,https://orcid.org/0000-0001-6288-7637
C. Lagunas Gualda,https://orcid.org/0000-0002-9040-7191
C. Pérez de los Heros,https://orcid.org/0000-0002-2084-5866
C. Raab,https://orcid.org/0000-0001-9921-2668
C. Rott,https://orcid.org/0000-0002-6958-6033
C. Spiering,https://orcid.org/0000-0001-7372-0074
C. Weaver,https://orcid.org/0000-0003-2385-2559
C. Wendt,https://orcid.org/0000-0001-8076-8877
D. Chirkin,https://orcid.org/0000-0003-4911-1345
D. Fox,https://orcid.org/0000-0002-3714-672X
D. J. Koskinen,https://orcid.org/0000-0002-0514-5917
D. Kang,https://orcid.org/0000-0002-5149-9767
D. Rysewyk Cantu,https://orcid.org/0000-0002-3612-6129
E. Bernardini,https://orcid.org/0000-0003-3108-1141
E. Blaufuss,https://orcid.org/0000-0001-5450-1757
E. Ganster,https://orcid.org/0000-0003-4393-6944
E. N. Paudel,https://orcid.org/0000-0001-9276-7994
E. O'Sullivan,https://orcid.org/0000-0003-1882-8802
E. Resconi,https://orcid.org/0000-0003-0705-2770
F. Bradascio,https://orcid.org/0000-0002-7750-5256
F. G. Schröder,https://orcid.org/0000-0001-8495-7210
F. G. Schröder,https://orcid.org/0000-0001-8495-7210
F. Halzen,https://orcid.org/0000-0001-6224-2417
F. Henningsen,https://orcid.org/0000-0002-0680-6588
F. Huang,https://orcid.org/0000-0002-6014-5928
F. Lauber,https://orcid.org/0000-0001-5648-5930
F. Lucarelli,https://orcid.org/0000-0002-9558-8788
F. McNally,https://orcid.org/0000-0002-0785-2244
F. Tenholt,https://orcid.org/0000-0002-7156-7392
G. Anton,https://orcid.org/0000-0003-2039-4724
G. de Wasseige,https://orcid.org/0000-0002-1010-5100
G. M. Spiczak,https://orcid.org/0000-0002-0030-0519
G. S. Japaridze,https://orcid.org/0000-0002-7000-5291
G. W. Sullivan,https://orcid.org/0000-0002-2585-2352
H. Dembinski,https://orcid.org/0000-0003-3337-3850
H. Dujmovic,https://orcid.org/0000-0003-1891-0718
H. Kolanoski,https://orcid.org/0000-0003-0435-2524
H. Niederhausen,https://orcid.org/0000-0002-9566-4904
H. Pandya,https://orcid.org/0000-0002-6138-4808
I. C. Mariş,https://orcid.org/0000-0002-5771-1124
I. Safa,https://orcid.org/0000-0001-8737-6825
I. Taboada,https://orcid.org/0000-0003-3509-3457
J. A. Aguilar,https://orcid.org/0000-0003-2252-9514
J. Becker Tjus,https://orcid.org/0000-0002-1748-7367
J. C. Díaz-Vélez,https://orcid.org/0000-0002-0087-0693
J. Felde,https://orcid.org/0000-0003-3343-8714
J. J. Beatty,https://orcid.org/0000-0003-0481-4952
J. J. DeLaunay,https://orcid.org/0000-0001-5229-1995
J. L. Kelley,https://orcid.org/0000-0002-0846-4542
J. M. Conrad,https://orcid.org/0000-0002-6393-0438
J. Madsen,https://orcid.org/0000-0003-2415-9959
J. Necker,https://orcid.org/0000-0003-0280-7484
J. P. Lazar,https://orcid.org/0000-0003-0928-5025
J. Sandroos,https://orcid.org/0000-0002-0629-0630
J. Schneider,https://orcid.org/0000-0001-7752-5700
J. Stettner,https://orcid.org/0000-0003-1042-3675
J. van Santen,https://orcid.org/0000-0002-2412-9728
J. Vandenbroucke,https://orcid.org/0000-0002-9867-6548
K. Clark,https://orcid.org/0000-0003-2467-6825
K. D. de Vries,https://orcid.org/0000-0002-9842-4068
K. Helbing,https://orcid.org/0000-0003-2072-4172
K. Leonard,https://orcid.org/0000-0002-8795-0601
K. Meagher,https://orcid.org/0000-0003-3967-1533
K. Satalecka,https://orcid.org/0000-0002-7669-266X
K. Tollefson,https://orcid.org/0000-0001-9725-1479
L. Halve,https://orcid.org/0000-0003-2237-6714
L. Lu,https://orcid.org/0000-0003-3175-7770
L. Tomankova,https://orcid.org/0000-0003-0696-7119
M. A. Campana,https://orcid.org/0000-0003-4162-5739
M. A. DuVernois,https://orcid.org/0000-0002-2987-9691
M. A. Unland Elorrieta,https://orcid.org/0000-0002-6124-3255
M. Ackermann,https://orcid.org/0000-0001-8952-588X
M. Ahlers,https://orcid.org/0000-0003-0709-5631
M. J. Larson,https://orcid.org/0000-0002-6996-1155
M. Karl,https://orcid.org/0000-0003-2475-8951
M. Kauer,https://orcid.org/0000-0003-1830-9076
M. Kowalski,https://orcid.org/0000-0001-8594-8666
M. Meier,https://orcid.org/0000-0002-9483-9450
M. Moulai,https://orcid.org/0000-0001-7909-5812
M. Plum,https://orcid.org/0000-0001-8691-242X
M. Rameez,https://orcid.org/0000-0001-5023-5631
M. Rongen,https://orcid.org/0000-0002-7057-1007
M. Santander,https://orcid.org/0000-0001-7297-8217
M. Silva,https://orcid.org/0000-0001-6940-8184
M. U. Nisa,https://orcid.org/0000-0002-6859-3944
M. Wolf,https://orcid.org/0000-0001-9991-3923
N. Iovine,https://orcid.org/0000-0001-7965-2252
N. Kurahashi,https://orcid.org/0000-0003-1047-8094
N. L. Strotjohann,https://orcid.org/0000-0002-4667-6730
N. Park,https://orcid.org/0000-0002-4282-736X
N. van Eijndhoven,https://orcid.org/0000-0001-5558-3328
N. Whitehorn,https://orcid.org/0000-0002-3157-0407
O. Botner,https://orcid.org/0000-0001-8588-7306
P. Coppin,https://orcid.org/0000-0001-6869-1280
P. Correa,https://orcid.org/0000-0002-1158-6735
P. Dave,https://orcid.org/0000-0002-3879-5115
P. Desiati,https://orcid.org/0000-0001-9768-1858
P. Eller,https://orcid.org/0000-0001-6354-5209
P. Koundal,https://orcid.org/0000-0002-5917-5230
Q. R. Liu,https://orcid.org/0000-0003-3379-6423
R. Abbasi,https://orcid.org/0000-0001-6141-4205
R. Cross,https://orcid.org/0000-0003-0081-8024
R. Koirala,https://orcid.org/0000-0002-7735-7169
R. Maruyama,https://orcid.org/0000-0003-2794-512X
R. Maunu,https://orcid.org/0000-0002-5755-3437
R. Naab,https://orcid.org/0000-0003-2512-466X
R. Nagai,https://orcid.org/0000-0001-7503-2777
R. Reimann,https://orcid.org/0000-0002-1983-8271
R. Stein,https://orcid.org/0000-0003-2434-0387
R. W. Moore,https://orcid.org/0000-0003-4160-4700
S. Baur,https://orcid.org/0000-0002-3329-1276
S. BenZvi,https://orcid.org/0000-0001-5537-4710
S. Blot,https://orcid.org/0000-0003-1089-3001
S. Garrappa,https://orcid.org/0000-0003-2403-4582
S. Griswold,https://orcid.org/0000-0002-7321-7513
S. Meighen-Berger,https://orcid.org/0000-0001-6579-2000
S. R. Klein,https://orcid.org/0000-0003-2841-6553
S. Ter-Antonyan,https://orcid.org/0000-0002-5788-1369
S. Toscano,https://orcid.org/0000-0002-1860-2240
S. Verpoest,https://orcid.org/0000-0002-3031-3206
S. W. Barwick,https://orcid.org/0000-0003-2050-6714
S. Yoshida,https://orcid.org/0000-0003-2480-5105
T. B. Watson,https://orcid.org/0000-0002-8631-2253
T. DeYoung,https://orcid.org/0000-0003-4873-3783
T. Glauch,https://orcid.org/0000-0003-1804-4055
T. Glüsenkamp,https://orcid.org/0000-0002-2268-9297
T. Huber,https://orcid.org/0000-0002-6515-1673
T. K. Gaisser,https://orcid.org/0000-0003-4717-6620
T. Karg,https://orcid.org/0000-0003-3251-2126
T. Montaruli,https://orcid.org/0000-0001-5014-2152
T. Stezelberger,https://orcid.org/0000-0003-2676-9574
T. Stuttard,https://orcid.org/0000-0001-7944-279X
T. Yuan,https://orcid.org/0000-0001-5710-508X
U. Katz,https://orcid.org/0000-0002-7063-4418
V. Basu,https://orcid.org/0000-0002-9528-2009
W. Kang,https://orcid.org/0000-0003-3980-3778
W. Luszczak,https://orcid.org/0000-0003-3085-0674
W. Rhode,https://orcid.org/0000-0003-2636-5000
W. Y. Ma,https://orcid.org/0000-0003-1251-5493
Y. Lyu,https://orcid.org/0000-0002-2333-4383